{
  "root" : {
    "__class" : "RootNode",
    "children" : [
      {
        "__class" : "FrameNode",
        "aspectRatio" : null,
        "blendingEnabled" : 0,
        "blendingMode" : "normal",
        "bottom" : null,
        "centerAnchorX" : 0,
        "centerAnchorY" : 0,
        "children" : [
          {
            "__class" : "FrameNode",
            "aspectRatio" : null,
            "blendingEnabled" : 0,
            "blendingMode" : "normal",
            "bottom" : 35,
            "centerAnchorX" : 0.5,
            "centerAnchorY" : 0.51811594202898548,
            "children" : [
              {
                "__class" : "TextNode",
                "autoSize" : true,
                "bottom" : null,
                "centerAnchorX" : 0.49795081967213117,
                "centerAnchorY" : 0.4756838905775076,
                "codeOverrideEnabled" : false,
                "constraintsLocked" : false,
                "exportOptions" : [

                ],
                "height" : 19,
                "heightType" : 0,
                "id" : "gpJke01zW",
                "isTarget" : false,
                "left" : null,
                "locked" : false,
                "name" : null,
                "opacity" : 1,
                "originalid" : null,
                "parentid" : "K2ViGqC8j",
                "right" : null,
                "rotation" : 0,
                "styledText" : {
                  "__class" : "StyledTextDraft",
                  "blocks" : [
                    {
                      "data" : {
                        "emptyStyle" : [
                          "FONT:__SystemDefault-400-normal__",
                          "COLOR:rgb(0, 0, 0)",
                          "SIZE:16",
                          "LETTERSPACING:0",
                          "LINEHEIGHT:1.2"
                        ]
                      },
                      "depth" : 0,
                      "entityRanges" : [

                      ],
                      "inlineStyleRanges" : [
                        {
                          "length" : 12,
                          "offset" : 0,
                          "style" : "FONT:__SystemDefault-400-normal__"
                        },
                        {
                          "length" : 12,
                          "offset" : 0,
                          "style" : "COLOR:rgb(0, 0, 0)"
                        },
                        {
                          "length" : 12,
                          "offset" : 0,
                          "style" : "SIZE:16"
                        },
                        {
                          "length" : 12,
                          "offset" : 0,
                          "style" : "LETTERSPACING:0"
                        },
                        {
                          "length" : 12,
                          "offset" : 0,
                          "style" : "LINEHEIGHT:1.2"
                        }
                      ],
                      "key" : "4q5a9",
                      "text" : "First change",
                      "type" : "unstyled"
                    }
                  ],
                  "cached" : {
                    "html" : "<div data-offset-key=\"4q5a9-0-0\" class=\"public-DraftStyleDefault-block public-DraftStyleDefault-ltr\"><span data-offset-key=\"4q5a9-0-0\" style=\"tab-size:4;font-family:&quot;system-ui&quot;, &quot;-apple-system&quot;, &quot;BlinkMacSystemFont&quot;, &quot;Segoe UI&quot;, &quot;Roboto&quot;, &quot;Oxygen&quot;, &quot;Ubuntu&quot;, &quot;Cantarell&quot;, &quot;Fira Sans&quot;, &quot;Droid Sans&quot;, &quot;Helvetica Neue&quot;, &quot;sans-serif&quot;, serif;-webkit-text-fill-color:rgb(0, 0, 0);font-size:16px;letter-spacing:0px;line-height:1.2\"><span data-text=\"true\">First change<\/span><\/span><\/div>",
                    "os" : "macos 10_15 framerx",
                    "size" : {
                      "height" : 19,
                      "width" : 91
                    },
                    "width" : 0
                  },
                  "entityMap" : {

                  }
                },
                "top" : 147,
                "visible" : true,
                "width" : 91,
                "widthType" : 0
              }
            ],
            "clip" : false,
            "codeOverrideEnabled" : false,
            "constraintsLocked" : false,
            "deviceType" : null,
            "exportOptions" : [

            ],
            "fillColor" : "rgba(0, 153, 255, 0.5)",
            "fillEnabled" : true,
            "fillImage" : null,
            "fillImageOriginalName" : null,
            "fillImagePixelHeight" : null,
            "fillImagePixelWidth" : null,
            "fillImageResize" : "fill",
            "fillType" : "color",
            "guidesX" : [

            ],
            "guidesY" : [

            ],
            "height" : 329,
            "heightType" : 0,
            "id" : "K2ViGqC8j",
            "intrinsicHeight" : null,
            "intrinsicWidth" : null,
            "isExternalMaster" : null,
            "isMaster" : false,
            "isTarget" : false,
            "left" : 28,
            "locked" : false,
            "name" : null,
            "navigationTarget" : null,
            "navigationTransition" : "push",
            "navigationTransitionBackdropColor" : "rgba(4,4,15,.4)",
            "navigationTransitionDirection" : "left",
            "opacity" : 1,
            "originalid" : null,
            "parentid" : "geGhEvNxz",
            "previewSettings" : null,
            "radius" : 0,
            "radiusBottomLeft" : 0,
            "radiusBottomRight" : 0,
            "radiusIsRelative" : false,
            "radiusPerCorner" : false,
            "radiusTopLeft" : 0,
            "radiusTopRight" : 0,
            "replicaInfo" : null,
            "right" : 28,
            "rotation" : 0,
            "top" : 50,
            "visible" : true,
            "width" : 244,
            "widthType" : 0
          }
        ],
        "clip" : true,
        "codeOverrideEnabled" : false,
        "constraintsLocked" : false,
        "deviceType" : null,
        "exportOptions" : [

        ],
        "fillColor" : "white",
        "fillEnabled" : true,
        "fillImage" : null,
        "fillImageOriginalName" : null,
        "fillImagePixelHeight" : null,
        "fillImagePixelWidth" : null,
        "fillImageResize" : "fill",
        "fillType" : "color",
        "guidesX" : [

        ],
        "guidesY" : [

        ],
        "height" : 414,
        "heightType" : 0,
        "id" : "geGhEvNxz",
        "intrinsicHeight" : null,
        "intrinsicWidth" : null,
        "isExternalMaster" : null,
        "isMaster" : false,
        "isTarget" : false,
        "left" : 425,
        "locked" : false,
        "name" : null,
        "navigationTarget" : null,
        "navigationTransition" : "push",
        "navigationTransitionBackdropColor" : "rgba(4,4,15,.4)",
        "navigationTransitionDirection" : "left",
        "opacity" : 1,
        "originalid" : null,
        "parentid" : "RcCwuoCwG",
        "previewSettings" : null,
        "radius" : 0,
        "radiusBottomLeft" : 0,
        "radiusBottomRight" : 0,
        "radiusIsRelative" : false,
        "radiusPerCorner" : false,
        "radiusTopLeft" : 0,
        "radiusTopRight" : 0,
        "replicaInfo" : null,
        "right" : null,
        "rotation" : 0,
        "top" : 146,
        "visible" : true,
        "width" : 300,
        "widthType" : 0
      }
    ],
    "guidesX" : [

    ],
    "guidesY" : [

    ],
    "id" : "RcCwuoCwG",
    "name" : null,
    "originalid" : null,
    "parentid" : null,
    "tokens" : {

    },
    "tokensIndex" : [

    ],
    "visible" : false
  },
  "version" : 55
}